"year","territory","oblast_code","title_count","copy_count","territory_ua"
2005,"Ivano-Frankivsk","UA26000000000069363",114,104.8,"Івано-Франківська"
2005,"Crimea","UA01000000000013043",170,196.3,"Автономна Республіка Крим"
2005,"Volyn","UA07000000000024379",167,175.7,"Волинська"
2005,"Vinnytsia","UA05000000000010236",332,216.8,"Вінницька"
2005,"Dnipro","UA12000000000090473",572,568.9,"Дніпропетровська"
2005,"Donetsk","UA14000000000091971",948,3062.4,"Донецька"
2005,"Zhytomyr","UA18000000000041385",168,85.5,"Житомирська"
2005,"Zakarpattia","UA21000000000011690",121,224.4,"Закарпатська"
2005,"Zaporizhzhia","UA23000000000064947",160,244.7,"Запорізька"
2005,"Kyiv City","UA80000000000093317",6090,26965.2,"Київ"
2005,"Kyiv Oblast","UA32000000000030281",197,3314.7,"Київська"
2005,"Kirovohrad","UA35000000000016081",127,123.6,"Кіровоградська"
2005,"Luhansk","UA44000000000018893",257,110.2,"Луганська"
2005,"Lviv","UA46000000000026241",934,1174.4,"Львівська"
2005,"Mykolaiv","UA48000000000039575",181,72.7,"Миколаївська"
2005,"Odesa","UA51000000000030770",392,220.1,"Одеська"
2005,"Poltava","UA53000000000028050",139,171.7,"Полтавська"
2005,"Rivne","UA56000000000066151",143,100,"Рівненська"
2005,"Sumy","UA59000000000057109",212,110.2,"Сумська"
2005,"Ternopil","UA61000000000060328",429,2550.1,"Тернопільська"
2005,"Kharkiv","UA63000000000041885",2684,13429.4,"Харківська"
2005,"Kherson","UA65000000000030969",25,12.3,"Херсонська"
2005,"Khmelnytskyi","UA68000000000099709",244,153.2,"Хмельницька"
2005,"Cherkasy","UA71000000000010357",176,187.5,"Черкаська"
2005,"Chernivtsi","UA73000000000044923",453,259.3,"Чернівецька"
2005,"Chernihiv","UA74000000000025378",193,149.8,"Чернігівська"
2006,"Ivano-Frankivsk","UA26000000000069363",101,80.6,"Івано-Франківська"
2006,"Crimea","UA01000000000013043",353,434.1,"Автономна Республіка Крим"
2006,"Volyn","UA07000000000024379",224,142,"Волинська"
2006,"Vinnytsia","UA05000000000010236",320,165.3,"Вінницька"
2006,"Dnipro","UA12000000000090473",482,542.7,"Дніпропетровська"
2006,"Donetsk","UA14000000000091971",1193,4411.9,"Донецька"
2006,"Zhytomyr","UA18000000000041385",139,70.3,"Житомирська"
2006,"Zakarpattia","UA21000000000011690",149,201,"Закарпатська"
2006,"Zaporizhzhia","UA23000000000064947",162,105.4,"Запорізька"
2006,"Kyiv City","UA80000000000093317",6049,25298.7,"Київ"
2006,"Kyiv Oblast","UA32000000000030281",94,167.1,"Київська"
2006,"Kirovohrad","UA35000000000016081",87,96,"Кіровоградська"
2006,"Luhansk","UA44000000000018893",219,110.4,"Луганська"
2006,"Lviv","UA46000000000026241",961,1566.3,"Львівська"
2006,"Mykolaiv","UA48000000000039575",150,52.3,"Миколаївська"
2006,"Odesa","UA51000000000030770",595,331.3,"Одеська"
2006,"Poltava","UA53000000000028050",130,80.1,"Полтавська"
2006,"Rivne","UA56000000000066151",116,71,"Рівненська"
2006,"Sumy","UA59000000000057109",337,151.2,"Сумська"
2006,"Ternopil","UA61000000000060328",421,1313.7,"Тернопільська"
2006,"Kharkiv","UA63000000000041885",2619,18143.1,"Харківська"
2006,"Kherson","UA65000000000030969",75,41.5,"Херсонська"
2006,"Khmelnytskyi","UA68000000000099709",258,151.5,"Хмельницька"
2006,"Cherkasy","UA71000000000010357",154,105.3,"Черкаська"
2006,"Chernivtsi","UA73000000000044923",312,116.7,"Чернівецька"
2006,"Chernihiv","UA74000000000025378",167,160.1,"Чернігівська"
2007,"Ivano-Frankivsk","UA26000000000069363",150,47.8,"Івано-Франківська"
2007,"Crimea","UA01000000000013043",320,310.7,"Автономна Республіка Крим"
2007,"Volyn","UA07000000000024379",236,545.4,"Волинська"
2007,"Vinnytsia","UA05000000000010236",253,106.1,"Вінницька"
2007,"Dnipro","UA12000000000090473",612,574.6,"Дніпропетровська"
2007,"Donetsk","UA14000000000091971",1431,9000.1,"Донецька"
2007,"Zhytomyr","UA18000000000041385",189,71.2,"Житомирська"
2007,"Zakarpattia","UA21000000000011690",244,162.6,"Закарпатська"
2007,"Zaporizhzhia","UA23000000000064947",199,153.3,"Запорізька"
2007,"Kyiv City","UA80000000000093317",5978,22390.2,"Київ"
2007,"Kyiv Oblast","UA32000000000030281",181,607.4,"Київська"
2007,"Kirovohrad","UA35000000000016081",82,86.2,"Кіровоградська"
2007,"Luhansk","UA44000000000018893",325,104.9,"Луганська"
2007,"Lviv","UA46000000000026241",915,615.7,"Львівська"
2007,"Mykolaiv","UA48000000000039575",244,71.2,"Миколаївська"
2007,"Odesa","UA51000000000030770",555,277.9,"Одеська"
2007,"Poltava","UA53000000000028050",185,114.4,"Полтавська"
2007,"Rivne","UA56000000000066151",140,78.5,"Рівненська"
2007,"Sumy","UA59000000000057109",315,129.6,"Сумська"
2007,"Ternopil","UA61000000000060328",487,581.3,"Тернопільська"
2007,"Kharkiv","UA63000000000041885",3536,19380.4,"Харківська"
2007,"Kherson","UA65000000000030969",84,30.7,"Херсонська"
2007,"Khmelnytskyi","UA68000000000099709",348,176.9,"Хмельницька"
2007,"Cherkasy","UA71000000000010357",210,134.7,"Черкаська"
2007,"Chernivtsi","UA73000000000044923",508,223.8,"Чернівецька"
2007,"Chernihiv","UA74000000000025378",260,136.1,"Чернігівська"
2008,"Ivano-Frankivsk","UA26000000000069363",194,82.8,"Івано-Франківська"
2008,"Crimea","UA01000000000013043",619,532,"Автономна Республіка Крим"
2008,"Volyn","UA07000000000024379",485,759.3,"Волинська"
2008,"Vinnytsia","UA05000000000010236",335,155.9,"Вінницька"
2008,"Dnipro","UA12000000000090473",668,532.6,"Дніпропетровська"
2008,"Donetsk","UA14000000000091971",1292,2798.6,"Донецька"
2008,"Zhytomyr","UA18000000000041385",168,66.8,"Житомирська"
2008,"Zakarpattia","UA21000000000011690",270,163.8,"Закарпатська"
2008,"Zaporizhzhia","UA23000000000064947",332,217.8,"Запорізька"
2008,"Kyiv City","UA80000000000093317",8020,23429.8,"Київ"
2008,"Kyiv Oblast","UA32000000000030281",241,175.2,"Київська"
2008,"Kirovohrad","UA35000000000016081",83,43.1,"Кіровоградська"
2008,"Luhansk","UA44000000000018893",357,135.6,"Луганська"
2008,"Lviv","UA46000000000026241",1296,1278.9,"Львівська"
2008,"Mykolaiv","UA48000000000039575",210,65.7,"Миколаївська"
2008,"Odesa","UA51000000000030770",608,327.1,"Одеська"
2008,"Poltava","UA53000000000028050",360,625.4,"Полтавська"
2008,"Rivne","UA56000000000066151",326,133.8,"Рівненська"
2008,"Sumy","UA59000000000057109",499,236.2,"Сумська"
2008,"Ternopil","UA61000000000060328",1077,1877.1,"Тернопільська"
2008,"Kharkiv","UA63000000000041885",5057,23640.2,"Харківська"
2008,"Kherson","UA65000000000030969",97,44.7,"Херсонська"
2008,"Khmelnytskyi","UA68000000000099709",371,266.2,"Хмельницька"
2008,"Cherkasy","UA71000000000010357",419,271.2,"Черкаська"
2008,"Chernivtsi","UA73000000000044923",440,192,"Чернівецька"
2008,"Chernihiv","UA74000000000025378",216,97.3,"Чернігівська"
2009,"Ivano-Frankivsk","UA26000000000069363",243,133.1,"Івано-Франківська"
2009,"Crimea","UA01000000000013043",679,1385,"Автономна Республіка Крим"
2009,"Volyn","UA07000000000024379",343,696.4,"Волинська"
2009,"Vinnytsia","UA05000000000010236",371,162,"Вінницька"
2009,"Dnipro","UA12000000000090473",697,311.7,"Дніпропетровська"
2009,"Donetsk","UA14000000000091971",1398,2767.7,"Донецька"
2009,"Zhytomyr","UA18000000000041385",252,131.3,"Житомирська"
2009,"Zakarpattia","UA21000000000011690",272,116.6,"Закарпатська"
2009,"Zaporizhzhia","UA23000000000064947",334,374.6,"Запорізька"
2009,"Kyiv City","UA80000000000093317",6465,16668.3,"Київ"
2009,"Kyiv Oblast","UA32000000000030281",164,115.2,"Київська"
2009,"Kirovohrad","UA35000000000016081",136,65.2,"Кіровоградська"
2009,"Luhansk","UA44000000000018893",403,152.6,"Луганська"
2009,"Lviv","UA46000000000026241",1035,1133.3,"Львівська"
2009,"Mykolaiv","UA48000000000039575",239,103.7,"Миколаївська"
2009,"Odesa","UA51000000000030770",756,363.8,"Одеська"
2009,"Poltava","UA53000000000028050",375,179.6,"Полтавська"
2009,"Rivne","UA56000000000066151",272,111,"Рівненська"
2009,"Sumy","UA59000000000057109",381,235.7,"Сумська"
2009,"Ternopil","UA61000000000060328",825,1876.4,"Тернопільська"
2009,"Kharkiv","UA63000000000041885",5262,20642,"Харківська"
2009,"Kherson","UA65000000000030969",152,42.9,"Херсонська"
2009,"Khmelnytskyi","UA68000000000099709",388,182.3,"Хмельницька"
2009,"Cherkasy","UA71000000000010357",339,168.3,"Черкаська"
2009,"Chernivtsi","UA73000000000044923",469,301.6,"Чернівецька"
2009,"Chernihiv","UA74000000000025378",241,94.1,"Чернігівська"
2010,"Ivano-Frankivsk","UA26000000000069363",203,113.1,"Івано-Франківська"
2010,"Crimea","UA01000000000013043",602,446.4,"Автономна Республіка Крим"
2010,"Volyn","UA07000000000024379",334,641.6,"Волинська"
2010,"Vinnytsia","UA05000000000010236",459,259.4,"Вінницька"
2010,"Dnipro","UA12000000000090473",733,431.4,"Дніпропетровська"
2010,"Donetsk","UA14000000000091971",1464,2867.7,"Донецька"
2010,"Zhytomyr","UA18000000000041385",212,107.6,"Житомирська"
2010,"Zakarpattia","UA21000000000011690",195,97.7,"Закарпатська"
2010,"Zaporizhzhia","UA23000000000064947",350,207.6,"Запорізька"
2010,"Kyiv City","UA80000000000093317",6989,16733.4,"Київ"
2010,"Kyiv Oblast","UA32000000000030281",170,113.9,"Київська"
2010,"Kirovohrad","UA35000000000016081",133,47.5,"Кіровоградська"
2010,"Luhansk","UA44000000000018893",466,207.5,"Луганська"
2010,"Lviv","UA46000000000026241",1424,960.3,"Львівська"
2010,"Mykolaiv","UA48000000000039575",169,54.9,"Миколаївська"
2010,"Odesa","UA51000000000030770",762,373,"Одеська"
2010,"Poltava","UA53000000000028050",278,113.4,"Полтавська"
2010,"Rivne","UA56000000000066151",274,89.6,"Рівненська"
2010,"Sumy","UA59000000000057109",403,191.7,"Сумська"
2010,"Ternopil","UA61000000000060328",822,1127.7,"Тернопільська"
2010,"Kharkiv","UA63000000000041885",4528,18942.8,"Харківська"
2010,"Kherson","UA65000000000030969",125,41.1,"Херсонська"
2010,"Khmelnytskyi","UA68000000000099709",357,190.1,"Хмельницька"
2010,"Cherkasy","UA71000000000010357",408,285.5,"Черкаська"
2010,"Chernivtsi","UA73000000000044923",459,328.1,"Чернівецька"
2010,"Chernihiv","UA74000000000025378",238,85.3,"Чернігівська"
2011,"Ivano-Frankivsk","UA26000000000069363",264,97.2,"Івано-Франківська"
2011,"Crimea","UA01000000000013043",645,351,"Автономна Республіка Крим"
2011,"Volyn","UA07000000000024379",308,182.9,"Волинська"
2011,"Vinnytsia","UA05000000000010236",390,146.8,"Вінницька"
2011,"Dnipro","UA12000000000090473",804,589.8,"Дніпропетровська"
2011,"Donetsk","UA14000000000091971",1348,1908.2,"Донецька"
2011,"Zhytomyr","UA18000000000041385",222,113.4,"Житомирська"
2011,"Zakarpattia","UA21000000000011690",293,117.3,"Закарпатська"
2011,"Zaporizhzhia","UA23000000000064947",421,458.1,"Запорізька"
2011,"Kyiv City","UA80000000000093317",7185,18291.9,"Київ"
2011,"Kyiv Oblast","UA32000000000030281",111,78.8,"Київська"
2011,"Kirovohrad","UA35000000000016081",166,94.8,"Кіровоградська"
2011,"Luhansk","UA44000000000018893",494,169.6,"Луганська"
2011,"Lviv","UA46000000000026241",1373,1170.5,"Львівська"
2011,"Mykolaiv","UA48000000000039575",221,71.4,"Миколаївська"
2011,"Odesa","UA51000000000030770",828,339.7,"Одеська"
2011,"Poltava","UA53000000000028050",297,1116,"Полтавська"
2011,"Rivne","UA56000000000066151",254,109.8,"Рівненська"
2011,"Sumy","UA59000000000057109",461,246.7,"Сумська"
2011,"Ternopil","UA61000000000060328",1023,1703.8,"Тернопільська"
2011,"Kharkiv","UA63000000000041885",3984,18424.8,"Харківська"
2011,"Kherson","UA65000000000030969",135,45.8,"Херсонська"
2011,"Khmelnytskyi","UA68000000000099709",363,185.3,"Хмельницька"
2011,"Cherkasy","UA71000000000010357",442,197.9,"Черкаська"
2011,"Chernivtsi","UA73000000000044923",501,215.5,"Чернівецька"
2011,"Chernihiv","UA74000000000025378",293,138.7,"Чернігівська"
2012,"Ivano-Frankivsk","UA26000000000069363",197,114.3,"Івано-Франківська"
2012,"Crimea","UA01000000000013043",689,451.7,"Автономна Республіка Крим"
2012,"Volyn","UA07000000000024379",293,347.5,"Волинська"
2012,"Vinnytsia","UA05000000000010236",552,209,"Вінницька"
2012,"Dnipro","UA12000000000090473",967,476,"Дніпропетровська"
2012,"Donetsk","UA14000000000091971",1852,3328.3,"Донецька"
2012,"Zhytomyr","UA18000000000041385",224,92.6,"Житомирська"
2012,"Zakarpattia","UA21000000000011690",225,131.6,"Закарпатська"
2012,"Zaporizhzhia","UA23000000000064947",485,211.6,"Запорізька"
2012,"Kyiv City","UA80000000000093317",7537,23411.2,"Київ"
2012,"Kyiv Oblast","UA32000000000030281",149,108.2,"Київська"
2012,"Kirovohrad","UA35000000000016081",184,66.6,"Кіровоградська"
2012,"Luhansk","UA44000000000018893",502,246.7,"Луганська"
2012,"Lviv","UA46000000000026241",1367,1123.7,"Львівська"
2012,"Mykolaiv","UA48000000000039575",173,69.8,"Миколаївська"
2012,"Odesa","UA51000000000030770",726,240.7,"Одеська"
2012,"Poltava","UA53000000000028050",339,119.1,"Полтавська"
2012,"Rivne","UA56000000000066151",261,84.7,"Рівненська"
2012,"Sumy","UA59000000000057109",492,235.3,"Сумська"
2012,"Ternopil","UA61000000000060328",1009,2289.5,"Тернопільська"
2012,"Kharkiv","UA63000000000041885",5885,27817.7,"Харківська"
2012,"Kherson","UA65000000000030969",129,38.6,"Херсонська"
2012,"Khmelnytskyi","UA68000000000099709",475,284.2,"Хмельницька"
2012,"Cherkasy","UA71000000000010357",446,217.1,"Черкаська"
2012,"Chernivtsi","UA73000000000044923",522,248.3,"Чернівецька"
2012,"Chernihiv","UA74000000000025378",356,156.5,"Чернігівська"
2013,"Ivano-Frankivsk","UA26000000000069363",234,134.5,"Івано-Франківська"
2013,"Crimea","UA01000000000013043",730,441,"Автономна Республіка Крим"
2013,"Volyn","UA07000000000024379",317,721.3,"Волинська"
2013,"Vinnytsia","UA05000000000010236",527,236.4,"Вінницька"
2013,"Dnipro","UA12000000000090473",805,458.8,"Дніпропетровська"
2013,"Donetsk","UA14000000000091971",1729,3196.8,"Донецька"
2013,"Zhytomyr","UA18000000000041385",184,75.2,"Житомирська"
2013,"Zakarpattia","UA21000000000011690",163,68.5,"Закарпатська"
2013,"Zaporizhzhia","UA23000000000064947",322,224.6,"Запорізька"
2013,"Kyiv City","UA80000000000093317",7653,29974.4,"Київ"
2013,"Kyiv Oblast","UA32000000000030281",123,65.8,"Київська"
2013,"Kirovohrad","UA35000000000016081",188,113.2,"Кіровоградська"
2013,"Luhansk","UA44000000000018893",366,137.1,"Луганська"
2013,"Lviv","UA46000000000026241",1502,1269.3,"Львівська"
2013,"Mykolaiv","UA48000000000039575",237,67.9,"Миколаївська"
2013,"Odesa","UA51000000000030770",719,487.2,"Одеська"
2013,"Poltava","UA53000000000028050",298,92.3,"Полтавська"
2013,"Rivne","UA56000000000066151",201,72.2,"Рівненська"
2013,"Sumy","UA59000000000057109",511,346.6,"Сумська"
2013,"Ternopil","UA61000000000060328",1023,2660.4,"Тернопільська"
2013,"Kharkiv","UA63000000000041885",6674,27803.1,"Харківська"
2013,"Kherson","UA65000000000030969",267,77.7,"Херсонська"
2013,"Khmelnytskyi","UA68000000000099709",405,313.6,"Хмельницька"
2013,"Cherkasy","UA71000000000010357",460,193.9,"Черкаська"
2013,"Chernivtsi","UA73000000000044923",367,143.3,"Чернівецька"
2013,"Chernihiv","UA74000000000025378",318,200.6,"Чернігівська"
2014,"Ivano-Frankivsk","UA26000000000069363",224,134.7,"Івано-Франківська"
2014,"Crimea","UA01000000000013043",248,120.2,"Автономна Республіка Крим"
2014,"Volyn","UA07000000000024379",257,237.2,"Волинська"
2014,"Vinnytsia","UA05000000000010236",352,128.8,"Вінницька"
2014,"Dnipro","UA12000000000090473",804,402.6,"Дніпропетровська"
2014,"Donetsk","UA14000000000091971",1098,2760.1,"Донецька"
2014,"Zhytomyr","UA18000000000041385",149,58.3,"Житомирська"
2014,"Zakarpattia","UA21000000000011690",229,160.4,"Закарпатська"
2014,"Zaporizhzhia","UA23000000000064947",385,122.7,"Запорізька"
2014,"Kyiv City","UA80000000000093317",6381,20149.9,"Київ"
2014,"Kyiv Oblast","UA32000000000030281",105,56.1,"Київська"
2014,"Kirovohrad","UA35000000000016081",185,65,"Кіровоградська"
2014,"Luhansk","UA44000000000018893",281,101.1,"Луганська"
2014,"Lviv","UA46000000000026241",1360,1175.4,"Львівська"
2014,"Mykolaiv","UA48000000000039575",193,69.3,"Миколаївська"
2014,"Odesa","UA51000000000030770",686,234.4,"Одеська"
2014,"Poltava","UA53000000000028050",246,79.6,"Полтавська"
2014,"Rivne","UA56000000000066151",206,113.6,"Рівненська"
2014,"Sumy","UA59000000000057109",487,525.6,"Сумська"
2014,"Ternopil","UA61000000000060328",963,3987.1,"Тернопільська"
2014,"Kharkiv","UA63000000000041885",5408,23525.7,"Харківська"
2014,"Kherson","UA65000000000030969",290,80.8,"Херсонська"
2014,"Khmelnytskyi","UA68000000000099709",444,308.6,"Хмельницька"
2014,"Cherkasy","UA71000000000010357",469,225.9,"Черкаська"
2014,"Chernivtsi","UA73000000000044923",328,148,"Чернівецька"
2014,"Chernihiv","UA74000000000025378",266,340.9,"Чернігівська"
2015,"Ivano-Frankivsk","UA26000000000069363",273,166.2,"Івано-Франківська"
2015,"Crimea","UA01000000000013043",0,0,"Автономна Республіка Крим"
2015,"Volyn","UA07000000000024379",215,126.8,"Волинська"
2015,"Vinnytsia","UA05000000000010236",397,140.9,"Вінницька"
2015,"Dnipro","UA12000000000090473",738,275.7,"Дніпропетровська"
2015,"Donetsk","UA14000000000091971",297,737.8,"Донецька"
2015,"Zhytomyr","UA18000000000041385",225,90.7,"Житомирська"
2015,"Zakarpattia","UA21000000000011690",197,97.8,"Закарпатська"
2015,"Zaporizhzhia","UA23000000000064947",328,208.5,"Запорізька"
2015,"Kyiv City","UA80000000000093317",6552,14410,"Київ"
2015,"Kyiv Oblast","UA32000000000030281",93,229.8,"Київська"
2015,"Kirovohrad","UA35000000000016081",174,56.8,"Кіровоградська"
2015,"Luhansk","UA44000000000018893",23,7.8,"Луганська"
2015,"Lviv","UA46000000000026241",1389,1161.3,"Львівська"
2015,"Mykolaiv","UA48000000000039575",162,42,"Миколаївська"
2015,"Odesa","UA51000000000030770",804,261.2,"Одеська"
2015,"Poltava","UA53000000000028050",261,63,"Полтавська"
2015,"Rivne","UA56000000000066151",213,104.3,"Рівненська"
2015,"Sumy","UA59000000000057109",503,458.9,"Сумська"
2015,"Ternopil","UA61000000000060328",731,1571,"Тернопільська"
2015,"Kharkiv","UA63000000000041885",4730,15290.5,"Харківська"
2015,"Kherson","UA65000000000030969",226,63.6,"Херсонська"
2015,"Khmelnytskyi","UA68000000000099709",449,293,"Хмельницька"
2015,"Cherkasy","UA71000000000010357",340,147.9,"Черкаська"
2015,"Chernivtsi","UA73000000000044923",367,162.9,"Чернівецька"
2015,"Chernihiv","UA74000000000025378",271,241.4,"Чернігівська"
2016,"Ivano-Frankivsk","UA26000000000069363",221,96.7,"Івано-Франківська"
2016,"Crimea","UA01000000000013043",0,0,"Автономна Республіка Крим"
2016,"Volyn","UA07000000000024379",239,129.6,"Волинська"
2016,"Vinnytsia","UA05000000000010236",448,187.7,"Вінницька"
2016,"Dnipro","UA12000000000090473",654,211,"Дніпропетровська"
2016,"Donetsk","UA14000000000091971",316,480.8,"Донецька"
2016,"Zhytomyr","UA18000000000041385",110,88.5,"Житомирська"
2016,"Zakarpattia","UA21000000000011690",230,86.2,"Закарпатська"
2016,"Zaporizhzhia","UA23000000000064947",333,108.9,"Запорізька"
2016,"Kyiv City","UA80000000000093317",7082,19317,"Київ"
2016,"Kyiv Oblast","UA32000000000030281",110,83.6,"Київська"
2016,"Kirovohrad","UA35000000000016081",147,57.7,"Кіровоградська"
2016,"Luhansk","UA44000000000018893",54,20.1,"Луганська"
2016,"Lviv","UA46000000000026241",1509,1493.3,"Львівська"
2016,"Mykolaiv","UA48000000000039575",134,34.6,"Миколаївська"
2016,"Odesa","UA51000000000030770",771,224.2,"Одеська"
2016,"Poltava","UA53000000000028050",281,75,"Полтавська"
2016,"Rivne","UA56000000000066151",262,81.9,"Рівненська"
2016,"Sumy","UA59000000000057109",494,457,"Сумська"
2016,"Ternopil","UA61000000000060328",844,1979.1,"Тернопільська"
2016,"Kharkiv","UA63000000000041885",5262,22420.4,"Харківська"
2016,"Kherson","UA65000000000030969",245,56.8,"Херсонська"
2016,"Khmelnytskyi","UA68000000000099709",443,480.4,"Хмельницька"
2016,"Cherkasy","UA71000000000010357",419,170.7,"Черкаська"
2016,"Chernivtsi","UA73000000000044923",384,279.9,"Чернівецька"
2016,"Chernihiv","UA74000000000025378",338,357,"Чернігівська"
2017,"Ivano-Frankivsk","UA26000000000069363",259,170.5,"Івано-Франківська"
2017,"Crimea","UA01000000000013043",0,0,"Автономна Республіка Крим"
2017,"Volyn","UA07000000000024379",207,376.1,"Волинська"
2017,"Vinnytsia","UA05000000000010236",644,182.9,"Вінницька"
2017,"Dnipro","UA12000000000090473",686,234,"Дніпропетровська"
2017,"Donetsk","UA14000000000091971",169,270.6,"Донецька"
2017,"Zhytomyr","UA18000000000041385",192,68.5,"Житомирська"
2017,"Zakarpattia","UA21000000000011690",241,73.6,"Закарпатська"
2017,"Zaporizhzhia","UA23000000000064947",443,127.4,"Запорізька"
2017,"Kyiv City","UA80000000000093317",7551,18844.1,"Київ"
2017,"Kyiv Oblast","UA32000000000030281",165,146.9,"Київська"
2017,"Kirovohrad","UA35000000000016081",128,46,"Кіровоградська"
2017,"Luhansk","UA44000000000018893",46,12.4,"Луганська"
2017,"Lviv","UA46000000000026241",1580,1960,"Львівська"
2017,"Mykolaiv","UA48000000000039575",218,54.4,"Миколаївська"
2017,"Odesa","UA51000000000030770",723,198.4,"Одеська"
2017,"Poltava","UA53000000000028050",382,97.8,"Полтавська"
2017,"Rivne","UA56000000000066151",254,134,"Рівненська"
2017,"Sumy","UA59000000000057109",484,519.4,"Сумська"
2017,"Ternopil","UA61000000000060328",1005,2653.5,"Тернопільська"
2017,"Kharkiv","UA63000000000041885",5046,18028.5,"Харківська"
2017,"Kherson","UA65000000000030969",247,63.9,"Херсонська"
2017,"Khmelnytskyi","UA68000000000099709",475,374.9,"Хмельницька"
2017,"Cherkasy","UA71000000000010357",306,135,"Черкаська"
2017,"Chernivtsi","UA73000000000044923",324,216.5,"Чернівецька"
2017,"Chernihiv","UA74000000000025378",272,137.9,"Чернігівська"
2018,"Ivano-Frankivsk","UA26000000000069363",271,170.2,"Івано-Франківська"
2018,"Crimea","UA01000000000013043",0,0,"Автономна Республіка Крим"
2018,"Volyn","UA07000000000024379",250,256.5,"Волинська"
2018,"Vinnytsia","UA05000000000010236",444,107.4,"Вінницька"
2018,"Dnipro","UA12000000000090473",838,304,"Дніпропетровська"
2018,"Donetsk","UA14000000000091971",147,257.5,"Донецька"
2018,"Zhytomyr","UA18000000000041385",251,87.2,"Житомирська"
2018,"Zakarpattia","UA21000000000011690",228,99.1,"Закарпатська"
2018,"Zaporizhzhia","UA23000000000064947",447,121.9,"Запорізька"
2018,"Kyiv City","UA80000000000093317",7985,20432.5,"Київ"
2018,"Kyiv Oblast","UA32000000000030281",157,215.2,"Київська"
2018,"Kirovohrad","UA35000000000016081",95,34.4,"Кіровоградська"
2018,"Luhansk","UA44000000000018893",38,10.9,"Луганська"
2018,"Lviv","UA46000000000026241",1648,1652.7,"Львівська"
2018,"Mykolaiv","UA48000000000039575",198,65,"Миколаївська"
2018,"Odesa","UA51000000000030770",742,197.9,"Одеська"
2018,"Poltava","UA53000000000028050",344,91.2,"Полтавська"
2018,"Rivne","UA56000000000066151",204,106.7,"Рівненська"
2018,"Sumy","UA59000000000057109",525,508.1,"Сумська"
2018,"Ternopil","UA61000000000060328",753,1708.7,"Тернопільська"
2018,"Kharkiv","UA63000000000041885",5359,19722.5,"Харківська"
2018,"Kherson","UA65000000000030969",325,80.7,"Херсонська"
2018,"Khmelnytskyi","UA68000000000099709",399,249.9,"Хмельницька"
2018,"Cherkasy","UA71000000000010357",281,111.8,"Черкаська"
2018,"Chernivtsi","UA73000000000044923",416,309.7,"Чернівецька"
2018,"Chernihiv","UA74000000000025378",267,120.4,"Чернігівська"
2019,"Ivano-Frankivsk","UA26000000000069363",252,91.9,"Івано-Франківська"
2019,"Crimea","UA01000000000013043",0,0,"Автономна Республіка Крим"
2019,"Volyn","UA07000000000024379",261,149.2,"Волинська"
2019,"Vinnytsia","UA05000000000010236",680,202.7,"Вінницька"
2019,"Dnipro","UA12000000000090473",783,258,"Дніпропетровська"
2019,"Donetsk","UA14000000000091971",165,224.7,"Донецька"
2019,"Zhytomyr","UA18000000000041385",286,108.5,"Житомирська"
2019,"Zakarpattia","UA21000000000011690",262,188.9,"Закарпатська"
2019,"Zaporizhzhia","UA23000000000064947",419,143.5,"Запорізька"
2019,"Kyiv City","UA80000000000093317",8456,29546.1,"Київ"
2019,"Kyiv Oblast","UA32000000000030281",182,152.3,"Київська"
2019,"Kirovohrad","UA35000000000016081",98,33.8,"Кіровоградська"
2019,"Luhansk","UA44000000000018893",44,11,"Луганська"
2019,"Lviv","UA46000000000026241",1795,2904,"Львівська"
2019,"Mykolaiv","UA48000000000039575",193,42.4,"Миколаївська"
2019,"Odesa","UA51000000000030770",740,190.2,"Одеська"
2019,"Poltava","UA53000000000028050",333,80.4,"Полтавська"
2019,"Rivne","UA56000000000066151",191,89.2,"Рівненська"
2019,"Sumy","UA59000000000057109",461,451.5,"Сумська"
2019,"Ternopil","UA61000000000060328",826,2928.3,"Тернопільська"
2019,"Kharkiv","UA63000000000041885",6291,22327.3,"Харківська"
2019,"Kherson","UA65000000000030969",349,92.5,"Херсонська"
2019,"Khmelnytskyi","UA68000000000099709",352,571.1,"Хмельницька"
2019,"Cherkasy","UA71000000000010357",377,147.8,"Черкаська"
2019,"Chernivtsi","UA73000000000044923",346,193.6,"Чернівецька"
2019,"Chernihiv","UA74000000000025378",274,121.7,"Чернігівська"
2020,"Ivano-Frankivsk","UA26000000000069363",289,107.2,"Івано-Франківська"
2020,"Crimea","UA01000000000013043",0,0,"Автономна Республіка Крим"
2020,"Volyn","UA07000000000024379",202,63.4,"Волинська"
2020,"Vinnytsia","UA05000000000010236",464,121.5,"Вінницька"
2020,"Dnipro","UA12000000000090473",580,223.2,"Дніпропетровська"
2020,"Donetsk","UA14000000000091971",107,135.2,"Донецька"
2020,"Zhytomyr","UA18000000000041385",205,51.3,"Житомирська"
2020,"Zakarpattia","UA21000000000011690",213,85.6,"Закарпатська"
2020,"Zaporizhzhia","UA23000000000064947",340,102.4,"Запорізька"
2020,"Kyiv City","UA80000000000093317",6121,15262.3,"Київ"
2020,"Kyiv Oblast","UA32000000000030281",144,38,"Київська"
2020,"Kirovohrad","UA35000000000016081",66,18.5,"Кіровоградська"
2020,"Luhansk","UA44000000000018893",33,6.9,"Луганська"
2020,"Lviv","UA46000000000026241",1499,1468.4,"Львівська"
2020,"Mykolaiv","UA48000000000039575",105,37.1,"Миколаївська"
2020,"Odesa","UA51000000000030770",569,146.5,"Одеська"
2020,"Poltava","UA53000000000028050",259,59,"Полтавська"
2020,"Rivne","UA56000000000066151",192,113,"Рівненська"
2020,"Sumy","UA59000000000057109",362,385.6,"Сумська"
2020,"Ternopil","UA61000000000060328",924,2700.8,"Тернопільська"
2020,"Kharkiv","UA63000000000041885",4891,20132.1,"Харківська"
2020,"Kherson","UA65000000000030969",292,77.9,"Херсонська"
2020,"Khmelnytskyi","UA68000000000099709",355,177.2,"Хмельницька"
2020,"Cherkasy","UA71000000000010357",161,67.1,"Черкаська"
2020,"Chernivtsi","UA73000000000044923",375,294.6,"Чернівецька"
2020,"Chernihiv","UA74000000000025378",219,71.9,"Чернігівська"
2021,"Ivano-Frankivsk","UA26000000000069363",277,74.4,"Івано-Франківська"
2021,"Crimea","UA01000000000013043",0,0,"Автономна Республіка Крим"
2021,"Volyn","UA07000000000024379",192,116.5,"Волинська"
2021,"Vinnytsia","UA05000000000010236",741,158.7,"Вінницька"
2021,"Dnipro","UA12000000000090473",614,144.8,"Дніпропетровська"
2021,"Donetsk","UA14000000000091971",121,68.7,"Донецька"
2021,"Zhytomyr","UA18000000000041385",120,29.8,"Житомирська"
2021,"Zakarpattia","UA21000000000011690",229,128.3,"Закарпатська"
2021,"Zaporizhzhia","UA23000000000064947",372,84.2,"Запорізька"
2021,"Kyiv City","UA80000000000093317",6571,17164.9,"Київ"
2021,"Kyiv Oblast","UA32000000000030281",140,34.2,"Київська"
2021,"Kirovohrad","UA35000000000016081",82,23.5,"Кіровоградська"
2021,"Luhansk","UA44000000000018893",46,7.7,"Луганська"
2021,"Lviv","UA46000000000026241",1742,1628.9,"Львівська"
2021,"Mykolaiv","UA48000000000039575",159,36.8,"Миколаївська"
2021,"Odesa","UA51000000000030770",704,173.7,"Одеська"
2021,"Poltava","UA53000000000028050",239,76.5,"Полтавська"
2021,"Rivne","UA56000000000066151",246,106.5,"Рівненська"
2021,"Sumy","UA59000000000057109",376,389.2,"Сумська"
2021,"Ternopil","UA61000000000060328",1032,2753.7,"Тернопільська"
2021,"Kharkiv","UA63000000000041885",5463,20838.4,"Харківська"
2021,"Kherson","UA65000000000030969",363,89,"Херсонська"
2021,"Khmelnytskyi","UA68000000000099709",496,155.4,"Хмельницька"
2021,"Cherkasy","UA71000000000010357",162,72.7,"Черкаська"
2021,"Chernivtsi","UA73000000000044923",155,63,"Чернівецька"
2021,"Chernihiv","UA74000000000025378",453,334.1,"Чернігівська"
2022,"Ivano-Frankivsk","UA26000000000069363",210,50,"Івано-Франківська"
2022,"Crimea","UA01000000000013043",0,0,"Автономна Республіка Крим"
2022,"Volyn","UA07000000000024379",100,26.9,"Волинська"
2022,"Vinnytsia","UA05000000000010236",427,80.9,"Вінницька"
2022,"Dnipro","UA12000000000090473",307,58.5,"Дніпропетровська"
2022,"Donetsk","UA14000000000091971",11,2.7,"Донецька"
2022,"Zhytomyr","UA18000000000041385",55,10.3,"Житомирська"
2022,"Zakarpattia","UA21000000000011690",156,48,"Закарпатська"
2022,"Zaporizhzhia","UA23000000000064947",86,20.7,"Запорізька"
2022,"Kyiv City","UA80000000000093317",3679,4308.4,"Київ"
2022,"Kyiv Oblast","UA32000000000030281",46,13.7,"Київська"
2022,"Kirovohrad","UA35000000000016081",58,12.5,"Кіровоградська"
2022,"Luhansk","UA44000000000018893",13,2.1,"Луганська"
2022,"Lviv","UA46000000000026241",1171,1391.8,"Львівська"
2022,"Mykolaiv","UA48000000000039575",42,8,"Миколаївська"
2022,"Odesa","UA51000000000030770",300,65.4,"Одеська"
2022,"Poltava","UA53000000000028050",165,84.4,"Полтавська"
2022,"Rivne","UA56000000000066151",153,44.8,"Рівненська"
2022,"Sumy","UA59000000000057109",200,238.6,"Сумська"
2022,"Ternopil","UA61000000000060328",551,1033,"Тернопільська"
2022,"Kharkiv","UA63000000000041885",1429,3747.4,"Харківська"
2022,"Kherson","UA65000000000030969",20,2.4,"Херсонська"
2022,"Khmelnytskyi","UA68000000000099709",238,68,"Хмельницька"
2022,"Cherkasy","UA71000000000010357",92,303.1,"Черкаська"
2022,"Chernivtsi","UA73000000000044923",41,11,"Чернівецька"
2022,"Chernihiv","UA74000000000025378",141,71.6,"Чернігівська"
2023,"Ivano-Frankivsk","UA26000000000069363",217,36.7,"Івано-Франківська"
2023,"Crimea","UA01000000000013043",0,0,"Автономна Республіка Крим"
2023,"Volyn","UA07000000000024379",253,269.6,"Волинська"
2023,"Vinnytsia","UA05000000000010236",408,68.4,"Вінницька"
2023,"Dnipro","UA12000000000090473",593,171,"Дніпропетровська"
2023,"Donetsk","UA14000000000091971",7,0.7,"Донецька"
2023,"Zhytomyr","UA18000000000041385",146,23.4,"Житомирська"
2023,"Zakarpattia","UA21000000000011690",153,35.8,"Закарпатська"
2023,"Zaporizhzhia","UA23000000000064947",101,18.3,"Запорізька"
2023,"Kyiv City","UA80000000000093317",5328,9899.2,"Київ"
2023,"Kyiv Oblast","UA32000000000030281",84,19.3,"Київська"
2023,"Kirovohrad","UA35000000000016081",30,5.9,"Кіровоградська"
2023,"Luhansk","UA44000000000018893",0,0,"Луганська"
2023,"Lviv","UA46000000000026241",1718,1640.6,"Львівська"
2023,"Mykolaiv","UA48000000000039575",74,13.3,"Миколаївська"
2023,"Odesa","UA51000000000030770",711,159.9,"Одеська"
2023,"Poltava","UA53000000000028050",185,77,"Полтавська"
2023,"Rivne","UA56000000000066151",123,71.2,"Рівненська"
2023,"Sumy","UA59000000000057109",243,180.6,"Сумська"
2023,"Ternopil","UA61000000000060328",889,1041.8,"Тернопільська"
2023,"Kharkiv","UA63000000000041885",2983,10177,"Харківська"
2023,"Kherson","UA65000000000030969",64,18.3,"Херсонська"
2023,"Khmelnytskyi","UA68000000000099709",294,181.9,"Хмельницька"
2023,"Cherkasy","UA71000000000010357",122,247,"Черкаська"
2023,"Chernivtsi","UA73000000000044923",380,289.5,"Чернівецька"
2023,"Chernihiv","UA74000000000025378",81,17.6,"Чернігівська"
2024,"Ivano-Frankivsk","UA26000000000069363",252,165.7,"Івано-Франківська"
2024,"Crimea","UA01000000000013043",0,0,"Автономна Республіка Крим"
2024,"Volyn","UA07000000000024379",205,115.2,"Волинська"
2024,"Vinnytsia","UA05000000000010236",303,49.9,"Вінницька"
2024,"Dnipro","UA12000000000090473",433,148.9,"Дніпропетровська"
2024,"Donetsk","UA14000000000091971",1,0.3,"Донецька"
2024,"Zhytomyr","UA18000000000041385",149,28.7,"Житомирська"
2024,"Zakarpattia","UA21000000000011690",175,52.1,"Закарпатська"
2024,"Zaporizhzhia","UA23000000000064947",99,90,"Запорізька"
2024,"Kyiv City","UA80000000000093317",5577,16517.7,"Київ"
2024,"Kyiv Oblast","UA32000000000030281",102,28.9,"Київська"
2024,"Kirovohrad","UA35000000000016081",57,15.1,"Кіровоградська"
2024,"Luhansk","UA44000000000018893",0,0,"Луганська"
2024,"Lviv","UA46000000000026241",1778,1786.7,"Львівська"
2024,"Mykolaiv","UA48000000000039575",105,23.2,"Миколаївська"
2024,"Odesa","UA51000000000030770",632,128.6,"Одеська"
2024,"Poltava","UA53000000000028050",216,78.4,"Полтавська"
2024,"Rivne","UA56000000000066151",149,65.5,"Рівненська"
2024,"Sumy","UA59000000000057109",267,187.6,"Сумська"
2024,"Ternopil","UA61000000000060328",830,2686.2,"Тернопільська"
2024,"Kharkiv","UA63000000000041885",2401,11141.3,"Харківська"
2024,"Kherson","UA65000000000030969",10,1.6,"Херсонська"
2024,"Khmelnytskyi","UA68000000000099709",275,298.4,"Хмельницька"
2024,"Cherkasy","UA71000000000010357",150,152.7,"Черкаська"
2024,"Chernivtsi","UA73000000000044923",245,237.2,"Чернівецька"
2024,"Chernihiv","UA74000000000025378",89,17.3,"Чернігівська"
